,,,,,,[],[]
*City View Studio 3 mins to University and Subway*,"󱀁
Entire home
You’ll have the condominium to yourself.",Toronto,$99,41 reviews,4.95,"['3 guests', 'Studio', '2 beds', '1 bath', '\U000f0004\n41 Reviews', '\U000f0019\nVerified']","['Elevator', 'Wifi', 'Kitchen', 'Hot tub']"
"Cozy, Private Studio Flat 21 min to downtown by GO","󱀁
Entire home
You’ll have the guesthouse to yourself.",Toronto,,,4.89,"['2 guests', 'Studio', '1 bed', '1 bath', '\U000f0004\n731 Reviews', '\U000f1101\n2 References', '\U000f0019\nVerified']","['Free parking on premises', 'Wifi', 'Kitchen', 'Pool']"
"Chic, Modern condo downtown by Scotiabank Arena!","󱀁
Entire home
You’ll have the condominium to yourself.",Toronto,,,4.61,"['4 guests', '1 bedroom', '1 bed', '1 bath']","['Elevator', 'Wifi', 'Kitchen', 'Cable TV']"
Designer penthouse loft w sunset balcony (King W),"󱀁
Entire home
You’ll have the apartment to yourself.",Toronto,$95,356 reviews,4.94,"['2 guests', 'Studio', '1 bed', '1 bath', '\U000f0004\n377 Reviews', '\U000f0019\nVerified']","['Elevator', 'Wifi', 'Kitchen', 'Cable TV']"
Cozy 1 bedroom apartment (2 beds) close to subway.,"󱀁
Entire home
You’ll have the apartment to yourself.",Toronto,$55,508 reviews,4.79,"['2 guests', '1 bedroom', '2 beds', '1 bath', '\U000f0004\n508 Reviews', '\U000f0019\nVerified']","['Kitchen', 'Laptop-friendly workspace', 'TV', 'Iron', 'Unavailable: Carbon monoxide detector\nCarbon monoxide detector']"
Studio Yellow at Downtown Core,"󱀁
Entire home
You’ll have the serviced apartment to yourself.",Toronto,$71,380 reviews,4.46,"['4 guests', 'Studio', '2 beds', '1 bath', '\U000f0004\n7997 Reviews', '\U000f0019\nVerified']","['Elevator', 'Wifi', 'Kitchen', 'Laptop-friendly workspace']"
High Floor | Balcony | Fast WiFi | ❤️ of Downtown,"󱀁
Entire home
You’ll have the condominium to yourself.",Toronto,$100,316 reviews,4.85,"['2 guests', 'Studio', '1 bed', '1 bath', '\U000f0004\n480 Reviews', '\U000f0019\nVerified']","['Elevator', 'Wifi', 'Kitchen', 'Hot tub']"
Japan Inspired Studio Apartment,"󱀁
Entire home
You’ll have the apartment to yourself.",Toronto,$65,393 reviews,4.37,"['4 guests', 'Studio', '2 beds', '1 bath', '\U000f0004\n7997 Reviews', '\U000f0019\nVerified']","['Elevator', 'Wifi', 'Kitchen', 'Laptop-friendly workspace']"
Private Downtown Center Room/Clean/Quiet,"󰀢
Sparkling clean
11 recent guests said this place was sparkling clean.",Toronto,$22,244 reviews,4.81,"['1 guest', '1 bedroom', '1 bed', '1 shared bath', '\U000f0004\n722 Reviews', '\U000f0019\nVerified']","['Elevator', 'Wifi', 'Kitchen', 'Gym']"
Basement Guest Suite in Toronto's Annex Area,"󱀁
Entire home
You’ll have the guest suite to yourself.",Toronto,$85,90 reviews,4.92,"['2 guests', '1 bedroom', '1 bed', '1 bath', '\U000f0004\n90 Reviews', '\U000f0019\nVerified']","['Wifi', 'Kitchen', 'Cable TV', 'Laptop-friendly workspace']"
Corky loft with skylight at Downtown Central,"󱀁
Entire home
You’ll have the serviced apartment to yourself.",Toronto,$59,255 reviews,4.11,"['4 guests', '1 bedroom', '2 beds', '1 bath', '\U000f0004\n7997 Reviews', '\U000f0019\nVerified']","['Elevator', 'Wifi', 'Kitchen', 'Laptop-friendly workspace']"
"Downtown -- Quiet, Luxury Room","󰀢
Sparkling clean
12 recent guests said this place was sparkling clean.",Toronto,$56,477 reviews,4.94,"['2 guests', '1 bedroom', '1 bed', '1 bath', '\U000f0004\n1859 Reviews', '\U000f0019\nVerified']","['Wifi', 'Cable TV', 'Laptop-friendly workspace', 'TV']"
Million dollar view!,"󱀁
Entire home
You’ll have the apartment to yourself.",Toronto,$79,382 reviews,4.76,"['4 guests', '1 bedroom', '1 bed', '1 bath', '\U000f0004\n883 Reviews', '\U000f0019\nVerified']","['Elevator', 'Wifi', 'Kitchen', 'Gym']"
"10% off, Modern, 15' Airport, York uni, Yorkdale","󰄄
Self check-in
Check yourself in with the keypad.",Toronto,$19,91 reviews,4.82,"['2 guests', '1 bedroom', '1 bed', '1 shared bath', '\U000f0004\n248 Reviews', '\U000f0019\nVerified']","['Free parking on premises', 'Wifi', 'Kitchen', 'Laptop-friendly workspace']"
"Beautiful, Bright Apt. with free parking","󱀁
Entire home
You’ll have the guest suite to yourself.",Toronto,$65,349 reviews,4.90,"['2 guests', '1 bedroom', '1 bed', '1 bath', '\U000f0004\n731 Reviews', '\U000f1101\n2 References', '\U000f0019\nVerified']","['Free parking on premises', 'Wifi', 'Kitchen', 'Pool']"
Luxurious Condo near CN Tower with FREE PARKING,"󱀁
Entire home
You’ll have the condominium to yourself.",Toronto,$113,451 reviews,4.80,"['4 guests', '1 bedroom', '2 beds', '1 bath', '\U000f0004\n813 Reviews', '\U000f0019\nVerified']","['Free parking on premises', 'Elevator', 'Wifi', 'Kitchen']"
Downtown Entertainment District! Great City View!,"󱀁
Entire home
You’ll have the condominium to yourself.",Toronto,$93,435 reviews,4.64,"['4 guests', '1 bedroom', '2 beds', '1 bath', '\U000f0004\n649 Reviews', '\U000f0019\nVerified']","['Elevator', 'Breakfast', 'Wifi', 'Kitchen']"
"SUNNY DBL CORKTOWN BREAKFAST, 2 BIKES INCL.","󰀢
Sparkling clean
11 recent guests said this place was sparkling clean.",Toronto,$60,762 reviews,4.81,"['3 guests', '1 bedroom', '1 bed', '1 shared bath', '\U000f0004\n762 Reviews', '\U000f0019\nVerified']","['Breakfast', 'Wifi', 'Kitchen', 'Laptop-friendly workspace']"
Retro 1 bedroom apartment at downtown core,"󱀁
Entire home
You’ll have the serviced apartment to yourself.",Toronto,$76,373 reviews,4.33,"['4 guests', '1 bedroom', '2 beds', '1 bath', '\U000f0004\n7997 Reviews', '\U000f0019\nVerified']","['Wifi', 'Kitchen', 'Laptop-friendly workspace', 'Iron']"
Room Wave. with Private Washroom - Little Italy,"󰄄
Self check-in
Check yourself in with the keypad.",Toronto,$55,286 reviews,4.49,"['2 guests', '1 bedroom', '1 bed', '1 private bath', '\U000f0004\n7997 Reviews', '\U000f0019\nVerified']","['Free parking on premises', 'Wifi', 'Kitchen', 'Laptop-friendly workspace']"
Beautiful condo near Rogers Centre + Free Parking!,"󱀁
Entire home
You’ll have the condominium to yourself.",Toronto,$75,136 reviews,4.76,"['4 guests', '1 bedroom', '1 bed', '1 bath', '\U000f0004\n554 Reviews', '\U000f0019\nVerified']","['Free parking on premises', 'Elevator', 'Wifi', 'Kitchen']"
Modern Waterfront Studio in Downtown Toronto,"󱀁
Entire home
You’ll have the condominium to yourself.",Toronto,$62,103 reviews,4.48,"['2 guests', 'Studio', '1 bed', '1 bath', '\U000f0004\n554 Reviews', '\U000f0019\nVerified']","['Elevator', 'Wifi', 'Kitchen', 'Gym']"
Luxurious penthouse duplex - Downtown Central,"󱀁
Entire home
You’ll have the loft to yourself.",Toronto,$116,251 reviews,4.29,"['8 guests', '1 bedroom', '4 beds', '1 bath', '\U000f0004\n7997 Reviews', '\U000f0019\nVerified']","['Elevator', 'Wifi', 'Kitchen', 'Laptop-friendly workspace']"
"Bright, Clean & Tidy!","󱀁
Entire home
You’ll have the apartment to yourself.",Toronto,$85,394 reviews,4.72,"['2 guests', '1 bedroom', '1 bed', '1 bath', '\U000f0004\n756 Reviews', '\U000f0019\nVerified']","['Elevator', 'Wifi', 'Kitchen', 'Laptop-friendly workspace', 'Unavailable: Carbon monoxide detector\nCarbon monoxide detector']"
Studio Urban,"󱀁
Entire home
You’ll have the serviced apartment to yourself.",Toronto,$69,266 reviews,4.37,"['6 guests', 'Studio', '3 beds', '1 bath', '\U000f0004\n7997 Reviews', '\U000f0019\nVerified']","['Wifi', 'Kitchen', 'Laptop-friendly workspace', 'Iron']"
Elegant Modern Condo in Downtown Toronto,"󱀁
Entire home
You’ll have the condominium to yourself.",Toronto,$100,272 reviews,4.52,"['4 guests', '1 bedroom', '2 beds', '1 bath', '\U000f0004\n354 Reviews', '\U000f0019\nVerified']","['Free parking on premises', 'Elevator', 'Wifi', 'Kitchen']"
Beautiful Clean Apartment in Downtown TO,"󰀃
Max is a Superhost
Superhosts are experienced, highly rated hosts who are committed to providing great stays for guests.",Toronto,$29,204 reviews,4.87,"['1 guest', '1 bedroom', '1 bed', '1 shared bath', '\U000f0004\n722 Reviews', '\U000f0019\nVerified']","['Elevator', 'Wifi', 'Gym', 'Laptop-friendly workspace']"
Luxury 2bd+2bth in the Heart of Downtown!,"󱀁
Entire home
You’ll have the condominium to yourself.",Toronto,$105,309 reviews,4.87,"['5 guests', '2 bedrooms', '3 beds', '2 baths', '\U000f0004\n309 Reviews', '\U000f0019\nVerified']","['Elevator', 'Wifi', 'Kitchen', 'Laptop-friendly workspace']"
Studio Symmetric,"󱀁
Entire home
You’ll have the apartment to yourself.",Toronto,$76,368 reviews,4.48,"['6 guests', 'Studio', '3 beds', '1 bath', '\U000f0004\n7997 Reviews', '\U000f0019\nVerified']","['Wifi', 'Kitchen', 'Laptop-friendly workspace', 'Iron']"
TORONTO’s Airbnb unit of the year.,"󱀁
Entire home
You’ll have the condominium to yourself.",Toronto,$99,254 reviews,4.68,"['3 guests', '1 bedroom', '1 bed', '1 bath', '\U000f0004\n254 Reviews', '\U000f0019\nVerified']","['Elevator', 'Wifi', 'Kitchen', 'Hot tub']"
Slick 1 bedroom loft at Downtown Central,"󱀁
Entire home
You’ll have the apartment to yourself.",Toronto,$70,356 reviews,4.32,"['6 guests', '1 bedroom', '3 beds', '1 bath', '\U000f0004\n7997 Reviews', '\U000f0019\nVerified']","['Wifi', 'Kitchen', 'Laptop-friendly workspace', 'Iron']"
Luxury Suite in Toronto's Entertainment District,"󱀁
Entire home
You’ll have the apartment to yourself.",Toronto,$120,759 reviews,4.89,"['3 guests', '1 bedroom', '2 beds', '1 bath', '\U000f0004\n759 Reviews', '\U000f1101\n2 References', '\U000f0019\nVerified']","['Elevator', 'Wifi', 'Kitchen', 'Cable TV']"
Modern Condo near CN Tower WITH FREE PARKING,"󱀁
Entire home
You’ll have the apartment to yourself.",Toronto,$85,450 reviews,4.74,"['4 guests', '1 bedroom', '1 bed', '1 bath', '\U000f0004\n450 Reviews', '\U000f0019\nVerified']","['Free parking on premises', 'Elevator', 'Wifi', 'Kitchen']"
Near CN Tower | Luxury Condo| One bedroom| Lounge,"󱀁
Entire home
You’ll have the apartment to yourself.",Toronto,$69,220 reviews,4.78,"['4 guests', '1 bedroom', '1 bed', '1 bath', '\U000f0004\n351 Reviews', '\U000f0019\nVerified']","['Elevator', 'Wifi', 'Kitchen', 'Cable TV']"
Studio Orange Pillows,"󱀁
Entire home
You’ll have the serviced apartment to yourself.",Toronto,$88,363 reviews,4.35,"['4 guests', 'Studio', '2 beds', '1 bath', '\U000f0004\n7997 Reviews', '\U000f0019\nVerified']","['Air conditioning', 'Essentials', 'Heating', 'Hot water']"
Room Fancy Red w/ Private Bath - Downtown Central,"󰄄
Self check-in
Check yourself in with the lockbox.",Toronto,$67,377 reviews,4.37,"['4 guests', 'Studio', '2 beds', '1 private bath', '\U000f0004\n7997 Reviews', '\U000f0019\nVerified']","['Elevator', 'Wifi', 'Kitchen', 'Hot tub']"
Room Comfy Knit - Little Italy,"󰄄
Self check-in
Check yourself in with the keypad.",Toronto,$42,243 reviews,4.36,"['2 guests', '1 bedroom', '1 bed', '1 shared bath', '\U000f0004\n7997 Reviews', '\U000f0019\nVerified']","['Free parking on premises', 'Wifi', 'Kitchen', 'Laptop-friendly workspace']"
Studio RED,"󱀁
Entire home
You’ll have the serviced apartment to yourself.",Toronto,$73,346 reviews,4.29,"['6 guests', 'Studio', '3 beds', '1 bath', '\U000f0004\n7997 Reviews', '\U000f0019\nVerified']","['Wifi', 'Kitchen', 'Laptop-friendly workspace', 'Iron']"
Enjoy a trendy condo downtown in Yorkville +a view,"󱀁
Entire home
You’ll have the condominium to yourself.",Toronto,$56,78 reviews,4.53,"['4 guests', '1 bedroom', '1 bed', '1 bath', '\U000f0004\n554 Reviews', '\U000f0019\nVerified']","['Elevator', 'Wifi', 'Kitchen', 'Gym']"
Plant Paradise Loft: Cozy Sunny Dream Space!,"󱀁
Entire home
You’ll have the loft to yourself.",Toronto,$150,288 reviews,4.85,"['6 guests', '1 bedroom', '2 beds', '1 bath', '\U000f0004\n351 Reviews', '\U000f0019\nVerified']","['Wifi', 'Kitchen', 'Laptop-friendly workspace', 'TV']"
Renovated DOWNTOWN Studio + PATIO Queen Street W,"󱀁
Entire home
You’ll have the apartment to yourself.",Toronto,$49,139 reviews,4.65,"['3 guests', '1 bedroom', '1 bed', '1 bath', '\U000f0004\n999 Reviews', '\U000f0019\nVerified']","['Wifi', 'Kitchen', 'Laptop-friendly workspace', 'TV']"
"""7mins to Downtown core"" Downtown","󱀁
Entire home
You’ll have the apartment to yourself.",Toronto,$14,30 reviews,4.77,"['2 guests', 'Studio', '1 bed', '1 bath', '\U000f0004\n74 Reviews', '\U000f0019\nVerified']","['Wifi', 'Kitchen', 'Laptop-friendly workspace', 'Hangers', 'Unavailable: Carbon monoxide detector\nCarbon monoxide detector']"
Private 1BD/1BR★Subway Nearby★Free Parking★Laundry,"󱀁
Entire home
You’ll have the guest suite to yourself.",Toronto,$70,102 reviews,4.79,"['2 guests', '1 bedroom', '1 bed', '1 bath', '\U000f0004\n102 Reviews', '\U000f0019\nVerified']","['Free parking on premises', 'Wifi', 'Kitchen', 'Iron']"
"The Nook,free parking,steps to GO station & Subway","󱀁
Entire home
You’ll have the house to yourself.",Toronto,$51,183 reviews,4.84,"['4 guests', '1 bedroom', '2 beds', '1 bath', '\U000f0004\n183 Reviews', '\U000f0019\nVerified']","['Air conditioning', 'Essentials', 'Heating', 'Hot water']"
"Modern living condo, DOWNTOWN!!!","󱀁
Entire home
You’ll have the condominium to yourself.",Toronto,$117,382 reviews,4.71,"['4 guests', '2 bedrooms', '2 beds', '1.5 baths', '\U000f0004\n943 Reviews', '\U000f0019\nVerified']","['Free parking on premises', 'Elevator', 'Wifi', 'Kitchen']"
Modern and cute suit Close to Lake ON,"󱀁
Entire home
You’ll have the condominium to yourself.",Toronto,$99,478 reviews,4.68,"['2 guests', 'Studio', '1 bed', '1 bath', '\U000f0004\n503 Reviews', '\U000f0019\nVerified']","['Elevator', 'Wifi', 'Kitchen', 'Hot tub']"
Cozy Studio in Little Portugal,"󱀁
Entire home
You’ll have the house to yourself.",Toronto,$64,107 reviews,4.90,"['2 guests', 'Studio', '0 beds', '1 bath', '\U000f0004\n331 Reviews', '\U000f0019\nVerified']","['Indoor fireplace', 'Wifi', 'Kitchen', 'Laptop-friendly workspace']"
Trendy self- contained studio,"󱀁
Entire home
You’ll have the apartment to yourself.",Toronto,$61,503 reviews,4.86,"['2 guests', 'Studio', '1 bed', '1 bath', '\U000f0004\n559 Reviews', '\U000f0019\nVerified']","['Free parking on premises', 'Wifi', 'Kitchen', 'Cable TV']"
Room Snuggy Yellow - Little Italy,"󰄄
Self check-in
Check yourself in with the keypad.",Toronto,$32,258 reviews,4.37,"['2 guests', '1 bedroom', '1 bed', '1 shared bath', '\U000f0004\n7997 Reviews', '\U000f0019\nVerified']","['Free parking on premises', 'Wifi', 'Kitchen', 'Laptop-friendly workspace']"
Downtown hotel style studio w/parking/ 6 ppl max,"󱀁
Entire home
You’ll have the apartment to yourself.",Toronto,$40,259 reviews,4.34,"['6 guests', '1 bedroom', '3 beds', '1 bath', '\U000f0004\n1891 Reviews', '\U000f0019\nVerified']","['Free parking on premises', 'Elevator', 'Wifi', 'Laptop-friendly workspace']"
Couple's Cozy home in downtown Toronto w/ Parking,"󱀁
Entire home
You’ll have the condominium to yourself.",Toronto,$99,382 reviews,4.55,"['2 guests', 'Studio', '1 bed', '1 bath', '\U000f0004\n815 Reviews', '\U000f0019\nVerified']","['Free parking on premises', 'Elevator', 'Wifi', 'Kitchen']"
"Modern Condo near CN Tower, Scotiabank Arena, Rogers Centre & MTCC with FREE PARKING","󱀁
Entire home
You’ll have the condominium to yourself.",Toronto,$113,241 reviews,4.83,"['4 guests', '1 bedroom', '2 beds', '1 bath', '\U000f0004\n813 Reviews', '\U000f0019\nVerified']","['Free parking on premises', 'Elevator', 'Wifi', 'Kitchen']"
King suite in the heart of downtown Toronto,"󱀁
Entire home
You’ll have the condominium to yourself.",Toronto,$109,184 reviews,4.71,"['3 guests', '1 bedroom', '2 beds', '1 bath', '\U000f0004\n187 Reviews', '\U000f0019\nVerified']","['Free parking on premises', 'Elevator', 'Wifi', 'Kitchen', 'Unavailable: Carbon monoxide detector\nCarbon monoxide detector']"
Downtown Condo,"󱀁
Entire home
You’ll have the condominium to yourself.",Toronto,$100,218 reviews,4.80,"['4 guests', '1 bedroom', '1 bed', '1 bath', '\U000f0004\n290 Reviews', '\U000f0019\nVerified']","['Free parking on premises', 'Elevator', 'Wifi', 'Kitchen']"
Cozy and Hip Home for Rental,"󱀁
Entire home
You’ll have the guest suite to yourself.",Toronto,$75,450 reviews,4.90,"['4 guests', '1 bedroom', '1 bed', '1 bath', '\U000f0004\n450 Reviews', '\U000f0019\nVerified']","['Free parking on premises', 'Indoor fireplace', 'Wifi', 'Kitchen']"
Stylish Downtown Cozy Room,"󰄄
Self check-in
Check yourself in with the keypad.",Toronto,$60,319 reviews,4.62,"['1 guest', '1 bedroom', '1 bed', '2 shared baths', '\U000f0004\n2242 Reviews', '\U000f0019\nVerified']","['Wifi', 'Kitchen', 'Laptop-friendly workspace', 'Iron']"
Cozy Room in a Condo,"󰄄
Self check-in
Check yourself in with the lockbox.",Toronto,$26,177 reviews,4.67,"['2 guests', '1 bedroom', '1 bed', '1 shared bath', '\U000f0004\n272 Reviews', '\U000f0019\nVerified']","['Free parking on premises', 'Elevator', 'Indoor fireplace', 'Wifi', 'Unavailable: Carbon monoxide detector\nCarbon monoxide detector']"
CUTEST HOUSE AROUND (AND NEWLY RENOVATED!),"󱀁
Entire home
You’ll have the house to yourself.",Toronto,$110,319 reviews,4.91,"['2 guests', '1 bedroom', '1 bed', '1 bath', '\U000f0004\n319 Reviews', '\U000f0019\nVerified']","['Wifi', 'Kitchen', 'Laptop-friendly workspace', 'Iron']"
"Downtown Luxury, Private Bathroom!","󰀢
Sparkling clean
14 recent guests said this place was sparkling clean.",Toronto,$62,452 reviews,4.93,"['2 guests', '1 bedroom', '1 bed', '1 bath', '\U000f0004\n1859 Reviews', '\U000f0019\nVerified']","['Wifi', 'Laptop-friendly workspace', 'TV', 'Iron']"
"Luxurious Condo w/ Parking, Pool, 3 Beds & Views","󱀁
Entire home
You’ll have the apartment to yourself.",Toronto,$100,305 reviews,4.83,"['5 guests', '2 bedrooms', '3 beds', '1 bath', '\U000f0004\n413 Reviews', '\U000f0019\nVerified']","['Free parking on premises', 'Elevator', 'Wifi', 'Kitchen']"
Cool Space in a Great Neighbourhood,"󱀁
Entire home
You’ll have the guest suite to yourself.",Toronto,$69,400 reviews,4.69,"['4 guests', '1 bedroom', '2 beds', '1 bath', '\U000f0004\n400 Reviews', '\U000f0019\nVerified']","['Wifi', 'Kitchen', 'Cable TV', 'Laptop-friendly workspace']"
Modern Urban Private Apt #1 TOR neighbourhood,"󱀁
Entire home
You’ll have the apartment to yourself.",Toronto,$96,164 reviews,4.79,"['3 guests', '1 bedroom', '2 beds', '1 bath', '\U000f0004\n536 Reviews', '\U000f0019\nVerified']","['Free parking on premises', 'Wifi', 'Kitchen', 'Cable TV']"
Modern Studio with Free Parking,"󱀁
Entire home
You’ll have the apartment to yourself.",Toronto,$84,344 reviews,4.91,"['3 guests', 'Studio', '2 beds', '1 bath', '\U000f0004\n895 Reviews', '\U000f0019\nVerified']","['Free parking on premises', 'Elevator', 'Wifi', 'Kitchen', 'Unavailable: Carbon monoxide detector\nCarbon monoxide detector']"
LUXURY! Prime Location+CN Tower View! FREE PARKING,"󱀁
Entire home
You’ll have the condominium to yourself.",Toronto,$115,318 reviews,4.52,"['8 guests', '2 bedrooms', '3 beds', '2 baths', '\U000f0004\n318 Reviews', '\U000f0019\nVerified']","['Free parking on premises', 'Elevator', 'Wifi', 'Kitchen']"
Downtown hotel style suite up to 4 ppl,"󱀁
Entire home
You’ll have the apartment to yourself.",Toronto,$39,246 reviews,4.37,"['4 guests', 'Studio', '2 beds', '1 bath', '\U000f0004\n1891 Reviews', '\U000f0019\nVerified']","['Elevator', 'Wifi', 'Laptop-friendly workspace', 'Iron']"
Cozy Downtown Toronto Condo On The Lake Waterfront,"󱀁
Entire home
You’ll have the condominium to yourself.",Toronto,$99,296 reviews,4.68,"['3 guests', '1 bedroom', '2 beds', '1 bath', '\U000f0004\n296 Reviews', '\U000f0019\nVerified']","['Elevator', 'Wifi', 'Kitchen', 'Hot tub']"
"Super Central Condo, Beside CN Tower!","󱀁
Entire home
You’ll have the apartment to yourself.",Toronto,$130,409 reviews,4.92,"['4 guests', '2 bedrooms', '2 beds', '1 bath', '\U000f0004\n1809 Reviews', '\U000f0019\nVerified']","['Elevator', 'Wifi', 'Kitchen', 'Hot tub']"
Entire 1 Bedroom Apartment. Toronto,"󱀁
Entire home
You’ll have the apartment to yourself.",Toronto,$70,247 reviews,4.47,"['3 guests', '1 bedroom', '1 bed', '1 bath', '\U000f0004\n264 Reviews', '\U000f0019\nVerified']","['Free parking on premises', 'Wifi', 'Kitchen', 'Laptop-friendly workspace']"
Gorgeous view Downtown Toronto,"󱀁
Entire home
You’ll have the apartment to yourself.",Toronto,$60,209 reviews,4.63,"['4 guests', '1 bedroom', '3 beds', '1 bath', '\U000f0004\n586 Reviews', '\U000f0019\nVerified']","['Elevator', 'Wifi', 'Kitchen', 'Laptop-friendly workspace']"
Suite Toronto Luxury Downtown Condo,"󱀁
Entire home
You’ll have the condominium to yourself.",Toronto,$139,639 reviews,4.81,"['4 guests', '1 bedroom', '1 bed', '1 bath', '\U000f0004\n1453 Reviews', '\U000f0019\nVerified']","['Elevator', 'Wifi', 'Kitchen', 'Pool']"
Queen West - Elegant Modern Condo,"󰄄
Self check-in
Check yourself in with the keypad.",Toronto,$59,276 reviews,4.78,"['3 guests', '1 bedroom', '2 beds', '2 baths', '\U000f0004\n276 Reviews', '\U000f1101\n2 References', '\U000f0019\nVerified']","['Elevator', 'Wifi', 'Kitchen', 'Cable TV']"
"Downtown -- Quiet, Private Room","󰀢
Sparkling clean
13 recent guests said this place was sparkling clean.",Toronto,$56,447 reviews,4.93,"['2 guests', '1 bedroom', '1 bed', '1 bath', '\U000f0004\n1859 Reviews', '\U000f0019\nVerified']","['Wifi', 'Laptop-friendly workspace', 'TV', 'Iron']"
Top Floor 270• the best view 2BD downtown goal,"󱀁
Entire home
You’ll have the condominium to yourself.",Toronto,$169,286 reviews,4.83,"['6 guests', '2 bedrooms', '3 beds', '2 baths', '\U000f0004\n286 Reviews', '\U000f0019\nVerified']","['Elevator', 'Wifi', 'Kitchen', 'Gym']"
Newly Renovated Space in Parkdale!,"󱀁
Entire home
You’ll have the apartment to yourself.",Toronto,$99,451 reviews,4.75,"['2 guests', '1 bedroom', '1 bed', '1 bath', '\U000f0004\n591 Reviews', '\U000f0019\nVerified']","['Wifi', 'Kitchen', 'Hangers', 'Hair dryer']"
Furnished Condo w/Balcony Very Close To CN Tower!!,"󱀁
Entire home
You’ll have the condominium to yourself.",Toronto,$105,303 reviews,4.91,"['4 guests', '1 bedroom', '2 beds', '1 bath', '\U000f0004\n1053 Reviews', '\U000f0019\nVerified']","['Elevator', 'Wifi', 'Kitchen', 'Cable TV']"
High Park North Studio,"󱀁
Entire home
You’ll have the guest suite to yourself.",Toronto,$53,280 reviews,4.78,"['3 guests', '1 bedroom', '2 beds', '1 bath', '\U000f0004\n280 Reviews', '\U000f0019\nVerified']","['Essentials', 'Heating', 'Hot water', 'Iron']"
Private suite. Downtown TO East end Danforth,"󱀁
Entire home
You’ll have the guest suite to yourself.",Toronto,$99,337 reviews,4.81,"['2 guests', '1 bedroom', '1 bed', '1 bath', '\U000f0004\n337 Reviews', '\U000f0019\nVerified']","['Wifi', 'Laptop-friendly workspace', 'TV', 'Iron']"
Downtown Toronto - Private Room (NO EXTRA FEES),"󰄄
Self check-in
Check yourself in with the lockbox.",Toronto,$50,322 reviews,4.70,"['2 guests', '1 bedroom', '1 bed', '1 shared bath', '\U000f0004\n328 Reviews', '\U000f0019\nVerified']","['Elevator', 'Wifi', 'Kitchen', 'Laptop-friendly workspace']"
Little Italy - apartment,"󱀁
Entire home
You’ll have the townhouse to yourself.",Toronto,$65,138 reviews,4.80,"['2 guests', '1 bedroom', '1 bed', '1 bath', '\U000f0004\n248 Reviews', '\U000f0019\nVerified']","['Wifi', 'Kitchen', 'Laptop-friendly workspace', 'TV']"
Private separate apartment. Fully stocked kitchen,"󱀁
Entire home
You’ll have the apartment to yourself.",Toronto,$70,187 reviews,4.74,"['4 guests', 'Studio', '0 beds', '1 bath', '\U000f0004\n187 Reviews', '\U000f0019\nVerified']","['Indoor fireplace', 'Wifi', 'Kitchen', 'Laptop-friendly workspace']"
High Floor |Balcony | Lake View | 100% Walk | PATH,"󱀁
Entire home
You’ll have the condominium to yourself.",Toronto,$99,211 reviews,4.57,"['2 guests', '1 bedroom', '1 bed', '1 bath', '\U000f0004\n721 Reviews', '\U000f0019\nVerified']","['Elevator', 'Wifi', 'Kitchen', 'TV']"
Spacious and Cozy Apartment in Toronto,"󱀁
Entire home
You’ll have the house to yourself.",Toronto,$62,174 reviews,4.82,"['4 guests', '1 bedroom', '1 bed', '1 bath', '\U000f0004\n174 Reviews', '\U000f0019\nVerified']","['Wifi', 'Kitchen', 'Laptop-friendly workspace', 'Iron']"
**PERFECT** 2 Bedroom Newly Renovated Whole Home,"󱀁
Entire home
You’ll have the house to yourself.",Toronto,$90,176 reviews,4.94,"['6 guests', '2 bedrooms', '3 beds', '1.5 baths', '\U000f0004\n176 Reviews', '\U000f0019\nVerified']","['Indoor fireplace', 'Wifi', 'Kitchen', 'Laptop-friendly workspace']"
Spacious Private Suite: Parking; 1 block to Subway,"󱀁
Entire home
You’ll have the house to yourself.",Toronto,$59,229 reviews,4.81,"['2 guests', '1 bedroom', '2 beds', '1 bath', '\U000f0004\n321 Reviews', '\U000f0019\nVerified']","['Free parking on premises', 'Wifi', 'Kitchen', 'Cable TV']"
"Cozy,Trendy & Private Apartment with Free Parking","󱀁
Entire home
You’ll have the apartment to yourself.",Toronto,$80,213 reviews,4.91,"['2 guests', '1 bedroom', '1 bed', '1 bath', '\U000f0004\n213 Reviews', '\U000f0019\nVerified']","['Free parking on premises', 'Wifi', 'Kitchen', 'Laptop-friendly workspace']"
Newly Furnished Condo w/Balcony across CN Tower,"󱀁
Entire home
You’ll have the condominium to yourself.",Toronto,$125,376 reviews,4.94,"['6 guests', '1 bedroom', '3 beds', '1 bath', '\U000f0004\n1053 Reviews', '\U000f0019\nVerified']","['Elevator', 'Wifi', 'Kitchen', 'Cable TV']"
DownTown living condo,"󱀁
Entire home
You’ll have the condominium to yourself.",Toronto,$138,317 reviews,4.64,"['4 guests', '2 bedrooms', '2 beds', '1 bath', '\U000f0004\n943 Reviews', '\U000f0019\nVerified']","['Free parking on premises', 'Elevator', 'Wifi', 'Kitchen']"
Studio In The Heart Of Downtown,"󱀁
Entire home
You’ll have the condominium to yourself.",Toronto,$110,326 reviews,4.83,"['2 guests', 'Studio', '1 bed', '1 bath', '\U000f0004\n326 Reviews', '\U000f0019\nVerified']","['Elevator', 'Wifi', 'Kitchen', 'Cable TV']"
1BR Breathtaking 35+ Floor CN Tower View,"󱀁
Entire home
You’ll have the condominium to yourself.",Toronto,$99,237 reviews,4.83,"['4 guests', '1 bedroom', '3 beds', '1 bath', '\U000f0004\n794 Reviews', '\U000f0019\nVerified']","['Elevator', 'Wifi', 'Kitchen', 'Cable TV']"
Wow! Lovely Brand new Entire space in midtown,"󱀁
Entire home
You’ll have the apartment to yourself.",Toronto,$99,189 reviews,4.86,"['3 guests', '1 bedroom', '1 bed', '1 bath', '\U000f0004\n322 Reviews', '\U000f0019\nVerified']","['Free parking on premises', 'Wifi', 'Kitchen', 'Cable TV']"
Paradise Downtown Toronto,"󱀁
Entire home
You’ll have the apartment to yourself.",Toronto,$79,409 reviews,4.70,"['4 guests', '1 bedroom', '2 beds', '1 bath', '\U000f0004\n947 Reviews', '\U000f0019\nVerified']","['Elevator', 'Wifi', 'Kitchen', 'Cable TV']"
Artist Loft,"󱀁
Entire home
You’ll have the apartment to yourself.",Toronto,$100,647 reviews,4.84,"['2 guests', 'Studio', '1 bed', '1 bath', '\U000f0004\n647 Reviews', '\U000f0019\nVerified']","['Free parking on premises', 'Elevator', 'Wifi', 'Kitchen']"
"(A1)CN Tower, MTCC, ACC, Rogers Center","󱀁
Entire home
You’ll have the condominium to yourself.",Toronto,$94,138 reviews,4.78,"['3 guests', '1 bedroom', '2 beds', '1 bath', '\U000f0004\n2120 Reviews', '\U000f0019\nVerified']","['Elevator', 'Wifi', 'Kitchen', 'Laptop-friendly workspace']"
East Downtown Toronto Studio Unit,"󱀁
Entire home
You’ll have the apartment to yourself.",Toronto,$34,94 reviews,4.68,"['2 guests', 'Studio', '1 bed', '1 bath', '\U000f0004\n264 Reviews', '\U000f0019\nVerified']","['Wifi', 'Kitchen', 'Laptop-friendly workspace', 'TV']"
Modern Condo Heart of Toronto Downtown,"󱀁
Entire home
You’ll have the condominium to yourself.",Toronto,$119,220 reviews,4.77,"['3 guests', '1 bedroom', '2 beds', '1 bath', '\U000f0004\n320 Reviews', '\U000f0019\nVerified']","['Elevator', 'Wifi', 'Kitchen', 'Cable TV']"
Cozy & quiet apartment in the heart of DT Toronto,"󱀁
Entire home
You’ll have the condominium to yourself.",Toronto,$60,327 reviews,4.69,"['2 guests', 'Studio', '1 bed', '1 bath', '\U000f0004\n355 Reviews', '\U000f0019\nVerified']","['Elevator', 'Wifi', 'Kitchen', 'Hot tub']"
Stylish Downtown Double Room,"󰄄
Self check-in
Check yourself in with the keypad.",Toronto,$59,466 reviews,4.42,"['2 guests', '1 bedroom', '2 beds', '2 shared baths', '\U000f0004\n2242 Reviews', '\U000f0019\nVerified']","['Wifi', 'Kitchen', 'Laptop-friendly workspace', 'Iron']"
Fashion District- King W/Bathurst,"󱀁
Entire home
You’ll have the apartment to yourself.",Toronto,$99,236 reviews,4.68,"['4 guests', '1 bedroom', '3 beds', '1 bath', '\U000f0004\n237 Reviews', '\U000f1101\n3 References', '\U000f0019\nVerified']","['Elevator', 'Wifi', 'Kitchen', 'Hot tub', 'Unavailable: Carbon monoxide detector\nCarbon monoxide detector']"
Downtown Suite with the Best Views in the City,"󱀁
Entire home
You’ll have the condominium to yourself.",Toronto,$99,501 reviews,4.63,"['4 guests', '1 bedroom', '2 beds', '1 bath', '\U000f0004\n947 Reviews', '\U000f0019\nVerified']","['Elevator', 'Wifi', 'Kitchen', 'Gym']"
Beautiful Condo at 300 Front St,"󱀁
Entire home
You’ll have the apartment to yourself.",Toronto,$125,422 reviews,4.93,"['3 guests', '1 bedroom', '1 bed', '1 bath', '\U000f0004\n422 Reviews', '\U000f0019\nVerified']","['Elevator', 'Wifi', 'Kitchen', 'Cable TV', 'Unavailable: Carbon monoxide detector\nCarbon monoxide detector']"
Downtown Condo Beside CN Tower,"󱀁
Entire home
You’ll have the condominium to yourself.",Toronto,$135,400 reviews,4.90,"['2 guests', '1 bedroom', '1 bed', '1 bath', '\U000f0004\n1809 Reviews', '\U000f0019\nVerified']","['Elevator', 'Wifi', 'Kitchen', 'Hot tub']"
"2 BDRM + Parking + Sofabed - Ent. District, MTCC","󱀁
Entire home
You’ll have the apartment to yourself.",Toronto,$111,173 reviews,4.66,"['6 guests', '2 bedrooms', '3 beds', '1 bath', '\U000f0004\n173 Reviews', '\U000f0019\nVerified']","['Free parking on premises', 'Elevator', 'Wifi', 'Kitchen', 'Unavailable: Carbon monoxide detector\nCarbon monoxide detector']"
*Bright Spacious & Clean 1 Bed Apt.,"󱀁
Entire home
You’ll have the apartment to yourself.",Toronto,$75,57 reviews,4.88,"['2 guests', '1 bedroom', '1 bed', '1 bath', '\U000f0004\n756 Reviews', '\U000f0019\nVerified']","['Elevator', 'Wifi', 'Kitchen', 'Cable TV', 'Unavailable: Carbon monoxide detector\nCarbon monoxide detector']"
Cool Kids on 48FL (free parking),"󱀁
Entire home
You’ll have the condominium to yourself.",Toronto,$110,356 reviews,4.85,"['6 guests', '1 bedroom', '1 bed', '1 bath', '\U000f0004\n669 Reviews', '\U000f0019\nVerified']","['Free parking on premises', 'Elevator', 'Wifi', 'Kitchen']"
Private basement suite right next to the subway,"󱀁
Entire home
You’ll have the guest suite to yourself.",Toronto,$80,226 reviews,4.87,"['3 guests', '1 bedroom', '2 beds', '1 bath', '\U000f0004\n226 Reviews', '\U000f0019\nVerified']","['Free parking on premises', 'Wifi', 'Kitchen', 'Laptop-friendly workspace']"
L11 - Elegant LOFT by Convention Centre & CN Tower,"󱀁
Entire home
You’ll have the apartment to yourself.",Toronto,$99,239 reviews,4.64,"['4 guests', '1 bedroom', '2 beds', '1 bath', '\U000f0004\n1260 Reviews', '\U000f0019\nVerified']","['Elevator', 'Wifi', 'Kitchen', 'Cable TV', 'Unavailable: Carbon monoxide detector\nCarbon monoxide detector']"
Luxury Stay @ the ❤️ of Toronto,"󱀁
Entire home
You’ll have the condominium to yourself.",Toronto,$108,150 reviews,4.80,"['2 guests', '1 bedroom', '1 bed', '1 bath', '\U000f0004\n154 Reviews', '\U000f0019\nVerified']","['Elevator', 'Wifi', 'Kitchen', 'Gym']"
PRIVATE Fully-Furnished Bright Basement Apartment!,"󱀁
Entire home
You’ll have the guest suite to yourself.",Toronto,$53,122 reviews,4.47,"['3 guests', '1 bedroom', '1 bed', '1 bath', '\U000f0004\n208 Reviews', '\U000f0019\nVerified']","['Free parking on premises', 'Wifi', 'Kitchen', 'Laptop-friendly workspace']"
LUXURY 1 BEDROOM CONDO,"󱀁
Entire home
You’ll have the apartment to yourself.",Toronto,$115,322 reviews,4.28,"['4 guests', '1 bedroom', '1 bed', '1 bath', '\U000f0004\n1235 Reviews', '\U000f0019\nVerified']","['Elevator', 'Wifi', 'Kitchen', 'Gym']"
"!!!Best Location, Luxury, Comfortable!!!","󱀁
Entire home
You’ll have the apartment to yourself.",Toronto,$80,226 reviews,4.65,"['4 guests', '1 bedroom', '2 beds', '1 bath', '\U000f0004\n285 Reviews', '\U000f0019\nVerified']","['Elevator', 'Breakfast', 'Wifi', 'Kitchen']"
Executive Suite - Entertainment District,"󱀁
Entire home
You’ll have the apartment to yourself.",Toronto,$100,244 reviews,4.93,"['4 guests', '1 bedroom', '2 beds', '1 bath', '\U000f0004\n361 Reviews', '\U000f0019\nVerified']","['Elevator', 'Wifi', 'Kitchen', 'Cable TV']"
SPECTACULAR DOWNTOWN CONDO W/ STUNNING CITY VIEWS,"󱀁
Entire home
You’ll have the condominium to yourself.",Toronto,$104,124 reviews,4.90,"['5 guests', '1 bedroom', '2 beds', '1 bath', '\U000f0004\n124 Reviews', '\U000f0019\nVerified']","['Elevator', 'Wifi', 'Kitchen', 'Hot tub']"
Top Location Condo in Heart of Downtown Toronto,"󱀁
Entire home
You’ll have the condominium to yourself.",Toronto,$120,224 reviews,4.75,"['3 guests', '1 bedroom', '1 bed', '1 bath', '\U000f0004\n224 Reviews', '\U000f0019\nVerified']","['Free parking on premises', 'Elevator', 'Wifi', 'Kitchen']"
Newly Renovated Ideally Located Annex Suite,"󱀁
Entire home
You’ll have the guest suite to yourself.",Toronto,$80,92 reviews,4.97,"['2 guests', 'Studio', '1 bed', '1 bath', '\U000f0004\n92 Reviews', '\U000f0019\nVerified']","['Wifi', 'Cable TV', 'Laptop-friendly workspace', 'TV']"
"2 BDR at popular Cityplace, Steps from Rogers Ctr","󱀁
Entire home
You’ll have the apartment to yourself.",Toronto,$101,275 reviews,4.58,"['5 guests', '2 bedrooms', '2 beds', '1 bath', '\U000f0004\n318 Reviews', '\U000f0019\nVerified']","['Free parking on premises', 'Elevator', 'Wifi', 'Kitchen']"
⭐Stunning Sky Loft ❤w. Private Rooftop Terrace⭐,"󱀁
Entire home
You’ll have the apartment to yourself.",Toronto,$125,140 reviews,4.86,"['4 guests', '2 bedrooms', '2 beds', '1 bath', '\U000f0004\n630 Reviews', '\U000f0019\nVerified']","['Free parking on premises', 'Wifi', 'Kitchen', 'Cable TV', 'Unavailable: Carbon monoxide detector\nCarbon monoxide detector']"
Heritage Townhome 1 - On The Park!,"󱀁
Entire home
You’ll have the apartment to yourself.",Toronto,$99,253 reviews,4.40,"['4 guests', '1 bedroom', '2 beds', '1 bath', '\U000f0004\n594 Reviews', '\U000f0019\nVerified']","['Wifi', 'Kitchen', 'Laptop-friendly workspace', 'TV']"
66th Floor Sky Studio! Smurf to CNTower/ACC/Rogers,"󱀁
Entire home
You’ll have the condominium to yourself.",Toronto,$92,200 reviews,4.88,"['2 guests', '1 bedroom', '1 bed', '1 bath', '\U000f0004\n1121 Reviews', '\U000f0019\nVerified']","['Elevator', 'Wifi', 'Kitchen', 'Laptop-friendly workspace']"
East Chinatown Toronto Studio Unit,"󱀁
Entire home
You’ll have the apartment to yourself.",Toronto,$42,75 reviews,4.81,"['2 guests', 'Studio', '1 bed', '1 bath', '\U000f0004\n264 Reviews', '\U000f0019\nVerified']","['Wifi', 'Kitchen', 'Laptop-friendly workspace', 'TV']"
Modern Renovated Bachelor Apartment,"󱀁
Entire home
You’ll have the apartment to yourself.",Toronto,$85,149 reviews,4.72,"['2 guests', '1 bedroom', '1 bed', '1 bath', '\U000f0004\n149 Reviews', '\U000f0019\nVerified']","['Free parking on premises', 'Wifi', 'Kitchen', 'Laptop-friendly workspace']"
Bright and Spacious Suite - Close to Yorkdale,"󱀁
Entire home
You’ll have the guest suite to yourself.",Toronto,$74,69 reviews,4.86,"['3 guests', '1 bedroom', '1 bed', '1 bath', '\U000f0004\n69 Reviews']","['Free parking on premises', 'Wifi', 'Kitchen', 'Laptop-friendly workspace']"
East Downtown Bachelor Unit with Paid Parking,"󱀁
Entire home
You’ll have the apartment to yourself.",Toronto,$38,77 reviews,4.71,"['2 guests', 'Studio', '1 bed', '1 bath', '\U000f0004\n147 Reviews', '\U000f0019\nVerified']","['Wifi', 'Kitchen', 'Laptop-friendly workspace', 'TV']"
"3.5 BR + 2 Parking, 2.5 Bath Townhouse Condo","󱀁
Entire home
You’ll have the house to yourself.",Toronto,$149,210 reviews,4.65,"['10 guests', '4 bedrooms', '6 beds', '3 baths', '\U000f0004\n210 Reviews', '\U000f0019\nVerified']","['Free parking on premises', 'Elevator', 'Wifi', 'Kitchen']"
1 Bedroom Suite - Downtown Core,"󱀁
Entire home
You’ll have the condominium to yourself.",Toronto,$138,684 reviews,4.89,"['2 guests', '1 bedroom', '1 bed', '1 bath', '\U000f0004\n824 Reviews', '\U000f0019\nVerified']","['Elevator', 'Wifi', 'Kitchen', 'Hot tub']"
C1 Cozy studio in heart of the city,"󱀁
Entire home
You’ll have the apartment to yourself.",Toronto,$95,280 reviews,4.66,"['2 guests', '1 bedroom', '1 bed', '1 bath', '\U000f0004\n748 Reviews', '\U000f0019\nVerified']","['Wifi', 'Cable TV', 'Laptop-friendly workspace', 'TV']"
Lovely basement studio. On-site free 24-7 parking!,"󱀁
Entire home
You’ll have the apartment to yourself.",Toronto,$60,258 reviews,4.62,"['2 guests', 'Studio', '1 bed', '1 bath', '\U000f0004\n440 Reviews', '\U000f0019\nVerified']","['Free parking on premises', 'Wifi', 'Kitchen', 'Laptop-friendly workspace', 'Unavailable: Smoke detector\nSmoke detector', 'Unavailable: Carbon monoxide detector\nCarbon monoxide detector']"
Luxurious Glass Corner in the Heart of King West,"󱀁
Entire home
You’ll have the condominium to yourself.",Toronto,$150,297 reviews,4.90,"['5 guests', '2 bedrooms', '2 beds', '2 baths', '\U000f0004\n2040 Reviews', '\U000f1101\n4 References', '\U000f0019\nVerified']","['Free parking on premises', 'Elevator', 'Wifi', 'Kitchen']"
2BR AMAZING 50+ Floor CN Tower View,"󱀁
Entire home
You’ll have the condominium to yourself.",Toronto,$126,270 reviews,4.80,"['6 guests', '2 bedrooms', '4 beds', '1.5 baths', '\U000f0004\n794 Reviews', '\U000f0019\nVerified']","['Elevator', 'Wifi', 'Kitchen', 'Cable TV']"
Bright Bsmt APT in Trendy Dufferin Grove,"󱀁
Entire home
You’ll have the house to yourself.",Toronto,$60,213 reviews,4.76,"['4 guests', '1 bedroom', '2 beds', '1 bath', '\U000f0004\n933 Reviews', '\U000f0019\nVerified']","['Breakfast', 'Wifi', 'Kitchen', 'Laptop-friendly workspace']"
Luxury 1B Condo walk to ACC/Rogers,"󱀁
Entire home
You’ll have the apartment to yourself.",Toronto,$80,250 reviews,4.78,"['3 guests', '1 bedroom', '2 beds', '1 bath', '\U000f0004\n1121 Reviews', '\U000f0019\nVerified']","['Elevator', 'Wifi', 'Kitchen', 'TV']"
"100% walking score CN Tower, Rogers Center & MTCC!","󱀁
Entire home
You’ll have the condominium to yourself.",Toronto,$99,465 reviews,4.81,"['2 guests', '1 bedroom', '1 bed', '1 bath', '\U000f0004\n603 Reviews', '\U000f0019\nVerified']","['Elevator', 'Wifi', 'Kitchen', 'Cable TV']"
Cozy New Studio Apartment in TO's Coolest Hood,"󱀁
Entire home
You’ll have the apartment to yourself.",Toronto,$55,158 reviews,4.68,"['2 guests', 'Studio', '1 bed', '1 bath', '\U000f0004\n175 Reviews', '\U000f0019\nVerified']","['Breakfast', 'Wifi', 'Kitchen', 'Laptop-friendly workspace']"
Spacious and Cute Gem w Parking in Great Hood! ;),"󱀁
Entire home
You’ll have the apartment to yourself.",Toronto,$85,229 reviews,4.45,"['4 guests', '1 bedroom', '1 bed', '1 bath', '\U000f0004\n703 Reviews', '\U000f0019\nVerified']","['Free parking on premises', 'Wifi', 'Kitchen', 'Laptop-friendly workspace']"
"Cozy living condo, Downtown!!!","󱀁
Entire home
You’ll have the condominium to yourself.",Toronto,$117,156 reviews,4.75,"['4 guests', '1 bedroom', '2 beds', '1 bath', '\U000f0004\n943 Reviews', '\U000f0019\nVerified']","['Free parking on premises', 'Elevator', 'Wifi', 'Kitchen']"
Affordable stay in Downtown Toronto,"󰀐
Great location
95% of recent guests gave the location a 5-star rating.",Toronto,$46,271 reviews,4.51,"['2 guests', '1 bedroom', '1 bed', '1 shared bath', '\U000f0004\n271 Reviews', '\U000f0019\nVerified']","['Wifi', 'Kitchen', 'Essentials', 'Shampoo']"
Home away from home,"󱀁
Entire home
You’ll have the townhouse to yourself.",Toronto,$61,151 reviews,4.23,"['4 guests', '1 bedroom', '1 bed', '1 bath', '\U000f0004\n424 Reviews', '\U000f0019\nVerified']","['Free parking on premises', 'Wifi', 'Kitchen', 'Cable TV', 'Unavailable: Carbon monoxide detector\nCarbon monoxide detector']"
The Best Of Toronto,"󱀁
Entire home
You’ll have the condominium to yourself.",Toronto,$99,107 reviews,4.73,"['2 guests', '1 bedroom', '1 bed', '1 bath', '\U000f0004\n1093 Reviews', '\U000f0019\nVerified']","['Elevator', 'Wifi', 'Kitchen', 'Laptop-friendly workspace']"
"Private Unit, Bathroom, Kitchen Downtown Toronto","󱀁
Entire home
You’ll have the apartment to yourself.",Toronto,$41,71 reviews,4.77,"['2 guests', 'Studio', '1 bed', '1 bath', '\U000f0004\n229 Reviews', '\U000f0019\nVerified']","['Wifi', 'Kitchen', 'TV', 'Iron']"
Modern hotel room-No cleaning fee!+ Breakfast!,"󰄄
Self check-in
You can check in with the doorman.",Toronto,$90,119 reviews,4.66,"['2 guests', '1 bedroom', '1 bed', '1 private bath', '\U000f0004\n841 Reviews', '\U000f0019\nVerified']","['Breakfast', 'Wifi', 'Laptop-friendly workspace', 'TV']"
Bedroom and Bathroom by the Lake,"󰄄
Self check-in
Check yourself in with the lockbox.",Toronto,$84,259 reviews,4.87,"['2 guests', '1 bedroom', '1 bed', '1 private bath', '\U000f0004\n259 Reviews', '\U000f0019\nVerified']","['Free parking on premises', 'Elevator', 'Wifi', 'Kitchen', 'Unavailable: Carbon monoxide detector\nCarbon monoxide detector']"
Spectacular Modern/Bright Spacious 2Br Loft!,"󱀁
Entire home
You’ll have the loft to yourself.",Toronto,$109,301 reviews,4.95,"['4 guests', '2 bedrooms', '3 beds', '1 bath', '\U000f0004\n607 Reviews', '\U000f1101\n3 References', '\U000f0019\nVerified']","['Elevator', 'Wifi', 'Kitchen', 'Cable TV']"
Great View from Cozy Studio ☆ 5-Star Value,"󱀁
Entire home
You’ll have the condominium to yourself.",Toronto,$72,112 reviews,4.71,"['2 guests', 'Studio', '1 bed', '1 bath', '\U000f0004\n1568 Reviews', '\U000f1101\n2 References', '\U000f0019\nVerified']","['Elevator', 'Wifi', 'Kitchen', 'Hot tub']"
View CN Tower right from your bedroom!,"󱀁
Entire home
You’ll have the condominium to yourself.",Toronto,$118,204 reviews,4.69,"['4 guests', '2 bedrooms', '2 beds', '2 baths', '\U000f0004\n815 Reviews', '\U000f0019\nVerified']","['Free parking on premises', 'Elevator', 'Wifi', 'Kitchen']"
Toronto Little Mansion on the 30th Floor,"󱀁
Entire home
You’ll have the condominium to yourself.",Toronto,$65,132 reviews,4.80,"['4 guests', '2 bedrooms', '2 beds', '2 baths', '\U000f0004\n132 Reviews', '\U000f0019\nVerified']","['Free parking on premises', 'Elevator', 'Wifi', 'Kitchen']"
STYLISH MODERN 2BD - GREAT LOCATION,"󱀁
Entire home
You’ll have the apartment to yourself.",Toronto,$171,193 reviews,4.79,"['4 guests', '2 bedrooms', '3 beds', '1 bath', '\U000f0004\n430 Reviews', '\U000f0019\nVerified']","['Elevator', 'Wifi', 'Kitchen', 'Cable TV']"
Unique Studio with Sauna,"󱀁
Entire home
You’ll have the guesthouse to yourself.",Toronto,$89,342 reviews,4.89,"['2 guests', 'Studio', '1 bed', '1 bath', '\U000f0004\n637 Reviews', '\U000f1101\n1 Reference', '\U000f0019\nVerified']","['Wifi', 'Laptop-friendly workspace', 'Iron', 'Hangers']"
Private Retreat in Central Toronto,"󰄄
Self check-in
Check yourself in with the keypad.",Toronto,$69,173 reviews,4.90,"['2 guests', '1 bedroom', '1 bed', '1 shared bath', '\U000f0004\n285 Reviews', '\U000f0019\nVerified']","['Indoor fireplace', 'Wifi', 'Laptop-friendly workspace', 'Iron']"
Your Home in the Entertainment District,"󱀁
Entire home
You’ll have the condominium to yourself.",Toronto,$139,221 reviews,4.95,"['4 guests', '1 bedroom', '2 beds', '1 bath', '\U000f0004\n257 Reviews', '\U000f1101\n1 Reference', '\U000f0019\nVerified']","['Free parking on premises', 'Elevator', 'Wifi', 'Kitchen']"
Luxury Condo! in Upscale TO Downtown Neighbourhood,"󱀁
Entire home
You’ll have the apartment to yourself.",Toronto,$119,167 reviews,4.59,"['4 guests', '1 bedroom', '2 beds', '1 bath', '\U000f0004\n1078 Reviews', '\U000f0019\nVerified']","['Elevator', 'Wifi', 'Kitchen', 'Cable TV']"
Spectacular Downtown High-Rise Condo!,"󱀁
Entire home
You’ll have the condominium to yourself.",Toronto,$82,259 reviews,4.71,"['2 guests', '1 bedroom', '2 beds', '1 bath', '\U000f0004\n536 Reviews']","['Free parking on premises', 'Elevator', 'Wifi', 'Kitchen']"
55th+ Floor Lake View Suite By Union Station,"󱀁
Entire home
You’ll have the condominium to yourself.",Toronto,$68,127 reviews,4.45,"['3 guests', 'Studio', '1 bed', '1 bath', '\U000f0004\n577 Reviews', '\U000f0019\nVerified']","['Elevator', 'Wifi', 'Kitchen', 'Cable TV']"
"Lake Veiw Cozy, Totally Privat Toronto Studio.","󱀁
Entire home
You’ll have the apartment to yourself.",Toronto,$39,44 reviews,4.72,"['3 guests', 'Studio', '1 bed', '1 bath', '\U000f0004\n653 Reviews', '\U000f0019\nVerified']","['Wifi', 'Kitchen', 'Laptop-friendly workspace', 'TV']"
Beach Area Charmer,"󱀁
Entire home
You’ll have the guest suite to yourself.",Toronto,$95,274 reviews,4.70,"['3 guests', '2 bedrooms', '2 beds', '1 bath', '\U000f0004\n274 Reviews', '\U000f1101\n5 References', '\U000f0019\nVerified']","['Indoor fireplace', 'Wifi', 'Kitchen', 'Laptop-friendly workspace']"
Sun Filled Photographic Hard Loft,"󱀁
Entire home
You’ll have the loft to yourself.",Toronto,$210,356 reviews,4.96,"['2 guests', 'Studio', '1 bed', '1 bath', '\U000f0004\n494 Reviews', '\U000f0019\nVerified']","['Wifi', 'Kitchen', 'Laptop-friendly workspace', 'Iron']"
Quiet Studio in Queen West,"󱀁
Entire home
You’ll have the apartment to yourself.",Toronto,$82,303 reviews,4.60,"['2 guests', 'Studio', '1 bed', '1 bath', '\U000f0004\n303 Reviews', '\U000f0019\nVerified']","['Elevator', 'Wifi', 'Kitchen', 'Hangers']"
Suite Toronto - Luxury Condo,"󱀁
Entire home
You’ll have the condominium to yourself.",Toronto,$119,417 reviews,4.90,"['4 guests', '1 bedroom', '1 bed', '1 bath', '\U000f0004\n1453 Reviews', '\U000f0019\nVerified']","['Elevator', 'Wifi', 'Kitchen', 'Pool']"
Greenwood Terrace Suite #1B,"󱀁
Entire home
You’ll have the house to yourself.",Toronto,$120,312 reviews,4.95,"['3 guests', '1 bedroom', '2 beds', '1 bath', '\U000f0004\n345 Reviews', '\U000f0019\nVerified']","['Free parking on premises', 'Wifi', 'Kitchen', 'Cable TV']"
"Downtown Luxury, Private Bathroom & Own Courtyard","󰀢
Sparkling clean
16 recent guests said this place was sparkling clean.",Toronto,$78,392 reviews,4.87,"['2 guests', '1 bedroom', '1 bed', '1 bath', '\U000f0004\n1859 Reviews', '\U000f0019\nVerified']","['Wifi', 'Laptop-friendly workspace', 'TV', 'Iron']"
Spacious Private Home 10mins to Downtown!Free Prk!,"󱀁
Entire home
You’ll have the apartment to yourself.",Toronto,$89,207 reviews,4.51,"['9 guests', '3 bedrooms', '5 beds', '1 bath', '\U000f0004\n386 Reviews', '\U000f0019\nVerified']","['Free parking on premises', 'Wifi', 'Kitchen', 'Laptop-friendly workspace']"
Bright and Spacious Luxury Condo,"󱀁
Entire home
You’ll have the condominium to yourself.",Toronto,$109,258 reviews,4.75,"['3 guests', '1 bedroom', '1 bed', '1 bath', '\U000f0004\n1047 Reviews', '\U000f0019\nVerified']","['Elevator', 'Wifi', 'Kitchen', 'Laptop-friendly workspace']"
Downtown Cityview,"󱀁
Entire home
You’ll have the apartment to yourself.",Toronto,$99,301 reviews,4.73,"['4 guests', '1 bedroom', '1 bed', '1 bath', '\U000f0004\n457 Reviews', '\U000f1101\n1 Reference', '\U000f0019\nVerified']","['Elevator', 'Wifi', 'Kitchen', 'Cable TV']"
TOTALLY PRIVATE ONEBEDROOM TORONTO APARTMENT,"󱀁
Entire home
You’ll have the apartment to yourself.",Toronto,$56,71 reviews,4.56,"['5 guests', '1 bedroom', '1 bed', '1 bath', '\U000f0004\n653 Reviews', '\U000f0019\nVerified']","['Free parking on premises', 'Wifi', 'Kitchen', 'Laptop-friendly workspace']"
Large 2 Bed Condo! Downtown Toronto’s Art District,"󱀁
Entire home
You’ll have the condominium to yourself.",Toronto,$76,227 reviews,4.56,"['4 guests', '2 bedrooms', '2 beds', '1 bath', '\U000f0004\n661 Reviews', '\U000f0019\nVerified']","['Free parking on premises', 'Elevator', 'Wifi', 'Kitchen', 'Unavailable: Carbon monoxide detector\nCarbon monoxide detector']"
Comfortable Luxury Condo in the Best Location!,"󱀁
Entire home
You’ll have the condominium to yourself.",Toronto,$159,384 reviews,4.67,"['3 guests', '1 bedroom', '1 bed', '1 bath', '\U000f0004\n385 Reviews', '\U000f0019\nVerified']","['Elevator', 'Wifi', 'Kitchen', 'Cable TV']"
Penthouse 67 fl + FREE Parking,"󱀁
Entire home
You’ll have the apartment to yourself.",Toronto,$159,367 reviews,4.87,"['3 guests', '1 bedroom', '2 beds', '1 bath', '\U000f0004\n367 Reviews', '\U000f0019\nVerified']","['Free parking on premises', 'Elevator', 'Wifi', 'Kitchen']"
Queen West Studio Apartment,"󱀁
Entire home
You’ll have the apartment to yourself.",Toronto,$70,201 reviews,4.41,"['2 guests', 'Studio', '1 bed', '1 bath', '\U000f0004\n201 Reviews', '\U000f0019\nVerified']","['Elevator', 'Wifi', 'Kitchen', 'Hangers', 'Unavailable: Carbon monoxide detector\nCarbon monoxide detector']"
L6 - LOFT in Central Downtown,"󱀁
Entire home
You’ll have the apartment to yourself.",Toronto,$93,106 reviews,4.52,"['4 guests', '1 bedroom', '2 beds', '1 bath', '\U000f0004\n1260 Reviews', '\U000f0019\nVerified']","['Elevator', 'Wifi', 'Kitchen', 'Cable TV', 'Unavailable: Carbon monoxide detector\nCarbon monoxide detector']"
An Efficiency Apartment,"󱀁
Entire home
You’ll have the apartment to yourself.",Toronto,$35,59 reviews,4.88,"['2 guests', '1 bedroom', '1 bed', '1 bath', '\U000f0004\n81 Reviews', '\U000f0019\nVerified']","['Wifi', 'Kitchen', 'Laptop-friendly workspace', 'TV']"
Modern Luxury Yorkville Condo,"󱀁
Entire home
You’ll have the condominium to yourself.",Toronto,$90,262 reviews,4.48,"['2 guests', 'Studio', '1 bed', '1 bath', '\U000f0004\n795 Reviews', '\U000f1101\n2 References', '\U000f0019\nVerified']","['Elevator', 'Wifi', 'Kitchen', 'Gym']"
4 Beds + 8 ppl - Waterfront Condo,"󱀁
Entire home
You’ll have the condominium to yourself.",Toronto,$96,121 reviews,4.52,"['8 guests', '2 bedrooms', '4 beds', '1 bath', '\U000f0004\n121 Reviews', '\U000f0019\nVerified']","['Wifi', 'Kitchen', 'Laptop-friendly workspace', 'TV', 'Unavailable: Smoke detector\nSmoke detector', 'Unavailable: Carbon monoxide detector\nCarbon monoxide detector']"
Beautiful 2 BR in Ideal Location,"󱀁
Entire home
You’ll have the apartment to yourself.",Toronto,$90,395 reviews,4.69,"['6 guests', '2 bedrooms', '2 beds', '1 bath', '\U000f0004\n395 Reviews', '\U000f0019\nVerified']","['Wifi', 'Kitchen', 'Laptop-friendly workspace', 'TV']"
Bright and Airy Two Bedroom With Parking,"󱀁
Entire home
You’ll have the guest suite to yourself.",Toronto,$60,323 reviews,4.68,"['5 guests', '2 bedrooms', '4 beds', '1 bath', '\U000f0004\n362 Reviews', '\U000f0019\nVerified']","['Free parking on premises', 'Wifi', 'Kitchen', 'Cable TV']"
Private Room at UNION & LAKESHORE,"󰄄
Self check-in
Check yourself in with the lockbox.",Toronto,$63,217 reviews,4.86,"['2 guests', '1 bedroom', '1 bed', '1 shared bath', '\U000f0004\n217 Reviews', '\U000f0019\nVerified']","['Elevator', 'Breakfast', 'Wifi', 'Laptop-friendly workspace']"
Bright bachelor,"󱀁
Entire home
You’ll have the apartment to yourself.",Toronto,$75,228 reviews,4.78,"['2 guests', 'Studio', '1 bed', '1 bath', '\U000f0004\n875 Reviews', '\U000f0019\nVerified']","['Wifi', 'Kitchen', 'Cable TV', 'Laptop-friendly workspace']"
#1B+BALCONY LUXURY CONDO NEXT TORONTO ACC/CN TOWER,"󱀁
Entire home
You’ll have the condominium to yourself.",Toronto,$83,175 reviews,4.66,"['4 guests', '1 bedroom', '2 beds', '1 bath', '\U000f0004\n175 Reviews', '\U000f0019\nVerified']","['Elevator', 'Wifi', 'Kitchen', 'Laptop-friendly workspace']"
"Beautiful, Spacious, Cozy, and Central","󱀁
Entire home
You’ll have the apartment to yourself.",Toronto,$71,143 reviews,4.97,"['3 guests', '1 bedroom', '2 beds', '1 bath', '\U000f0004\n143 Reviews', '\U000f0019\nVerified']","['Breakfast', 'Wifi', 'Kitchen', 'Cable TV']"
"Luxurious Condo near CN Tower, Scotiabank Arena, Rogers Centre, TIFF with FREE PARKING","󱀁
Entire home
You’ll have the condominium to yourself.",Toronto,$113,121 reviews,4.83,"['4 guests', '1 bedroom', '2 beds', '1 bath', '\U000f0004\n813 Reviews', '\U000f0019\nVerified']","['Free parking on premises', 'Elevator', 'Wifi', 'Kitchen']"
VIEWS+PARKING+LOCATION= Best Downtown Experience,"󱀁
Entire home
You’ll have the condominium to yourself.",Toronto,$131,313 reviews,4.92,"['6 guests', '3 bedrooms', '3 beds', '1 bath', '\U000f0004\n429 Reviews', '\U000f0019\nVerified']","['Free parking on premises', 'Elevator', 'Wifi', 'Kitchen']"
High Park luxurious One bed room&den with Parking,"󱀁
Entire home
You’ll have the condominium to yourself.",Toronto,$119,197 reviews,4.92,"['2 guests', '1 bedroom', '1 bed', '1 bath', '\U000f0004\n233 Reviews', '\U000f0019\nVerified']","['Free parking on premises', 'Elevator', 'Wifi', 'Kitchen', 'Unavailable: Carbon monoxide detector\nCarbon monoxide detector']"
Luxury Highrise DT City View Condo,"󰀐
Great location
95% of recent guests gave the location a 5-star rating.",Toronto,$94,243 reviews,4.73,"['4 guests', '2 bedrooms', '2 beds', '1.5 baths', '\U000f0004\n260 Reviews', '\U000f0019\nVerified']","['Elevator', 'Wifi', 'Kitchen', 'Hot tub']"
Triller Grove - A One Bedroom Luxury Urban Oasis,"󱀁
Entire home
You’ll have the guest suite to yourself.",Toronto,$120,119 reviews,4.93,"['3 guests', '1 bedroom', '1 bed', '1 bath', '\U000f0004\n119 Reviews', '\U000f0019\nVerified']","['Wifi', 'Kitchen', 'Laptop-friendly workspace', 'TV']"
Sunny Victorian home w/ free parking,"󱀁
Entire home
You’ll have the apartment to yourself.",Toronto,$77,167 reviews,4.83,"['4 guests', '1 bedroom', '2 beds', '1 bath', '\U000f0004\n171 Reviews', '\U000f0019\nVerified']","['Free parking on premises', 'Wifi', 'Kitchen', 'Laptop-friendly workspace']"
"Newly renovated, Bright & Private Bachelor suite","󱀁
Entire home
You’ll have the house to yourself.",Vaughan,$69,121 reviews,4.92,"['2 guests', 'Studio', '1 bed', '1 bath', '\U000f0004\n121 Reviews', '\U000f0019\nVerified']","['Free parking on premises', 'Wifi', 'Kitchen', 'Laptop-friendly workspace']"
Stylish King West Condo Downtown + Huge Balcony!,"󱀁
Entire home
You’ll have the condominium to yourself.",Toronto,$75,47 reviews,4.68,"['4 guests', '1 bedroom', '1 bed', '1 bath', '\U000f0004\n554 Reviews', '\U000f0019\nVerified']","['Elevator', 'Wifi', 'Kitchen', 'Gym']"
"3 BDRM, 2 Bathroom Suite with Parking","󱀁
Entire home
You’ll have the condominium to yourself.",Toronto,$149,163 reviews,4.73,"['8 guests', '3 bedrooms', '4 beds', '2 baths', '\U000f0004\n163 Reviews', '\U000f0019\nVerified']","['Free parking on premises', 'Elevator', 'Wifi', 'Kitchen']"
New! Clean Cute Private Unit Royal York/Queensway!,"󱀁
Entire home
You’ll have the guest suite to yourself.",Toronto,$70,195 reviews,4.84,"['2 guests', '1 bedroom', '1 bed', '1 bath', '\U000f0004\n195 Reviews', '\U000f0019\nVerified']","['Wifi', 'Kitchen', 'TV', 'Dryer']"
"Cool studio with parking. Dundas square,Central","󱀁
Entire home
You’ll have the condominium to yourself.",Toronto,$86,175 reviews,4.78,"['3 guests', 'Studio', '2 beds', '1 bath', '\U000f0004\n2120 Reviews', '\U000f0019\nVerified']","['Free parking on premises', 'Elevator', 'Wifi', 'Kitchen', 'Unavailable: Smoke detector\nSmoke detector', 'Unavailable: Carbon monoxide detector\nCarbon monoxide detector']"
St Clair West Modern Oasis in Toronto midtown,"󱀁
Entire home
You’ll have the guest suite to yourself.",Toronto,$79,157 reviews,4.84,"['4 guests', '1 bedroom', '3 beds', '1 bath', '\U000f0004\n189 Reviews', '\U000f1101\n2 References', '\U000f0019\nVerified']","['Wifi', 'Kitchen', 'Laptop-friendly workspace', 'TV']"
Luxury Studio + Balcony in the Heart of Downtown,"󱀁
Entire home
You’ll have the condominium to yourself.",Toronto,$75,112 reviews,4.70,"['2 guests', 'Studio', '1 bed', '1 bath', '\U000f0004\n112 Reviews', '\U000f0019\nVerified']","['Elevator', 'Wifi', 'Kitchen', 'Gym']"
"Wonderful flat in Leslieville, Toronto","󱀁
Entire home
You’ll have the apartment to yourself.",Toronto,$110,88 reviews,4.83,"['2 guests', '1 bedroom', '1 bed', '1 bath', '\U000f0004\n88 Reviews', '\U000f0019\nVerified']","['Wifi', 'Kitchen', 'Cable TV', 'TV']"
East Chinatown Bachelor Unit with Paid Parking,"󱀁
Entire home
You’ll have the apartment to yourself.",Toronto,$34,64 reviews,4.70,"['2 guests', 'Studio', '1 bed', '1 bath', '\U000f0004\n147 Reviews', '\U000f0019\nVerified']","['Wifi', 'Kitchen', 'TV', 'Iron']"
Gorgeous Bloordale Living,"󱀁
Entire home
You’ll have the apartment to yourself.",Toronto,$76,210 reviews,4.82,"['2 guests', 'Studio', '1 bed', '1 bath', '\U000f0004\n475 Reviews', '\U000f0019\nVerified']","['Wifi', 'Kitchen', 'Cable TV', 'Laptop-friendly workspace']"
Oakwood Village Apartment,"󱀁
Entire home
You’ll have the guest suite to yourself.",Toronto,$45,206 reviews,4.41,"['5 guests', '2 bedrooms', '3 beds', '1 bath', '\U000f0004\n223 Reviews', '\U000f0019\nVerified']","['Indoor fireplace', 'Wifi', 'Kitchen', 'Laptop-friendly workspace']"
Bloordale Village Inn 30s to Subway,"󰀢
Sparkling clean
10 recent guests said this place was sparkling clean.",Toronto,$52,171 reviews,4.59,"['2 guests', '1 bedroom', '1 bed', '1 shared bath', '\U000f0004\n723 Reviews', '\U000f0019\nVerified']","['Free parking on premises', 'Wifi', 'Kitchen', 'TV']"
Stunning Condo close to CN Tower with Free Parking,"󱀁
Entire home
You’ll have the condominium to yourself.",Toronto,$139,314 reviews,4.81,"['4 guests', '2 bedrooms', '2 beds', '1 bath', '\U000f0004\n130 Reviews', '\U000f0019\nVerified']","['Free parking on premises', 'Elevator', 'Wifi', 'Kitchen']"
"5☆ Modern Living in T.O.+Location,WiFi,Netflix,Gym","󱀁
Entire home
You’ll have the apartment to yourself.",Toronto,$91,227 reviews,4.87,"['2 guests', '1 bedroom', '2 beds', '1 bath', '\U000f0004\n227 Reviews', '\U000f0019\nVerified']","['Elevator', 'Wifi', 'Kitchen', 'Cable TV']"
King West - Fashion & Entertainment District,"󱀁
Entire home
You’ll have the condominium to yourself.",Toronto,$69,149 reviews,4.89,"['2 guests', '1 bedroom', '1 bed', '1 bath', '\U000f0004\n149 Reviews', '\U000f0019\nVerified']","['Elevator', 'Wifi', 'Kitchen', 'Cable TV']"
Parkdale Blue House // clean & comfortable,"󱀁
Entire home
You’ll have the guest suite to yourself.",Toronto,$85,285 reviews,4.84,"['4 guests', '1 bedroom', '2 beds', '1 bath', '\U000f0004\n285 Reviews', '\U000f0019\nVerified']","['Free parking on premises', 'Wifi', 'Kitchen', 'Cable TV']"
Room Cozy Red - Little Italy,"󰄄
Self check-in
Check yourself in with the keypad.",Toronto,$40,232 reviews,4.21,"['4 guests', '1 bedroom', '2 beds', '1 shared bath', '\U000f0004\n7997 Reviews', '\U000f0019\nVerified']","['Free parking on premises', 'Wifi', 'Kitchen', 'Laptop-friendly workspace']"
Private Room Close to Downtown,"󰀢
Sparkling clean
13 recent guests said this place was sparkling clean.",Toronto,$34,191 reviews,4.81,"['1 guest', '1 bedroom', '1 bed', '1 shared bath', '\U000f0004\n331 Reviews', '\U000f0019\nVerified']","['Wifi', 'Kitchen', 'Laptop-friendly workspace', 'Iron']"
Private Lower Level Suite,"󱀁
Entire home
You’ll have the guest suite to yourself.",Toronto,$125,224 reviews,4.89,"['3 guests', '1 bedroom', '1 bed', '1 bath', '\U000f0004\n224 Reviews', '\U000f0019\nVerified']","['Free parking on premises', 'Wifi', 'Kitchen', 'Laptop-friendly workspace']"
Beautiful 2bd/2ba- The Heart of DT w/ Free Parking,"󱀁
Entire home
You’ll have the condominium to yourself.",Toronto,$164,144 reviews,4.71,"['5 guests', '2 bedrooms', '2 beds', '2 baths', '\U000f0004\n107 Reviews', '\U000f0019\nVerified']","['Free parking on premises', 'Elevator', 'Wifi', 'Kitchen']"
Cozy Bedroom in Toronto's Old Town,"󰀢
Sparkling clean
16 recent guests said this place was sparkling clean.",Toronto,$60,327 reviews,4.98,"['1 guest', '1 bedroom', '1 bed', '1 private bath', '\U000f0004\n327 Reviews']","['Indoor fireplace', 'Breakfast', 'Wifi', 'Laptop-friendly workspace']"
Modern Yorkville Condo Downtown + Unlimited WiFi!,"󱀁
Entire home
You’ll have the condominium to yourself.",Toronto,$75,82 reviews,4.71,"['4 guests', '1 bedroom', '1 bed', '1 bath', '\U000f0004\n554 Reviews', '\U000f0019\nVerified']","['Elevator', 'Wifi', 'Kitchen', 'Gym']"
Modern Open-Style Studio Unit with Free Parking,"󱀁
Entire home
You’ll have the house to yourself.",Toronto,$51,91 reviews,4.93,"['3 guests', 'Studio', '1 bed', '1 bath', '\U000f0004\n264 Reviews', '\U000f0019\nVerified']","['Wifi', 'Kitchen', 'Laptop-friendly workspace', 'TV']"
Perfect Downtown Condo w/ Free Parking,"󱀁
Entire home
You’ll have the condominium to yourself.",Toronto,$100,291 reviews,4.83,"['3 guests', '1 bedroom', '1 bed', '1 bath', '\U000f0004\n895 Reviews', '\U000f0019\nVerified']","['Free parking on premises', 'Elevator', 'Wifi', 'Kitchen']"
★Yorkville ★ Netflix ★ Gym ★Laundry ★ Fast Wifi,"󱀁
Entire home
You’ll have the condominium to yourself.",Toronto,$95,95 reviews,4.88,"['2 guests', 'Studio', '1 bed', '1 bath', '\U000f0004\n95 Reviews', '\U000f0019\nVerified']","['Elevator', 'Wifi', 'Kitchen', 'Gym']"
Room Soft Hue - Little Italy,"󰄄
Self check-in
Check yourself in with the keypad.",Toronto,$38,188 reviews,4.40,"['2 guests', '1 bedroom', '1 bed', '1 shared bath', '\U000f0004\n7997 Reviews', '\U000f0019\nVerified']","['Free parking on premises', 'Wifi', 'Kitchen', 'Laptop-friendly workspace']"
Heritage Townhome 2 - On The Park!,"󱀁
Entire home
You’ll have the apartment to yourself.",Toronto,$99,227 reviews,4.57,"['4 guests', '1 bedroom', '2 beds', '1 bath', '\U000f0004\n594 Reviews', '\U000f0019\nVerified']","['Wifi', 'Kitchen', 'Cable TV', 'Laptop-friendly workspace']"
